ISBN,Category
9780262101066,bioinformatics
9780412993916,bioinformatics
9781558607972,bioinformatics
9780815340812,bioinformatics
9781859962725,bioinformatics
9781588293466,bioinformatics
9780262024426,bioinformatics
9780471210047,bioinformatics
9780582327887,bioinformatics
9789814401234,Biology
9783642273391,Biology
9780199211135,Biology
9780007315123,Biology
9780393351552,Biology
9783659634703,Biology
9780226983363,Biology
9780262112666,Biology
9780120398638,Biology
9781848001244,Biology
9780195182187,Biology
9780521799591,Biology
9783527321186,Biology
9780199208227,Biology
9780521730716,Biology
9781904933205,Biology
9780195327311,Biology
9780471586517,Biology
9781405151665,Biology
9780815340812,Biology
9780582382107,Biology
9782759804030,Biology
9781565921153,computer science
9780201924886,computer science
9780201580433,computer science
9780201633719,computer science
9786130315467,computer science
9780262150392,computer science
9783843365826,computer science
9786130646691,computer science
9780124104143,computer science
9780124159938,computer science
9780123736550,computer science
9780471984252,computer science
9780198570493,computer science
9780937175903,computer science
9781558605886,computer science
9780124109827,computer science
9780735710016,computer science
9780937175590,computer science
137231563,computer science
9780201541991,computer science
201134470,computer science
9780201703108,computer science
9781565926103,computer science
9780937175675,computer science
521431085,computer science
9780120884070,computer science
9780201854695,computer science
9781575862170,computer science
9781846198847,Divers
9780387947662,Divers
9780128015001,Divers
9780582803121,Divers
9780135787823,mathematics
849378788,mathematics
9789814350464,mathematics
082840125x,mathematics
333291700,mathematics
9780521597715,mathematics
9783832528508,mathematics
9780521134088,mathematics
9781568810478,mathematics
471277118,mathematics
9780252725487,mathematics
9780198534181,mathematics
9780486652146,mathematics
9780340676530,mathematics
828402698,mathematics
9780030969713,mathematics
9780486612720,mathematics
6780712084362,mathematics
9780122947575,mathematics
9780471149552,mathematics
9780470390634,mathematics
9781461419389,mathematics
9780521102445,physics/chemistry
471995789,physics/chemistry
471018686,physics/chemistry
9780121898007,physics/chemistry
9780521812603,physics/chemistry
9780201539295,physics/chemistry
9783540594789,physics/chemistry
201052296,physics/chemistry
9783540736172,physics/chemistry
9780486432465,physics/chemistry
9780521010696,physics/chemistry
198551304,physics/chemistry
198551290,physics/chemistry
9780486684802,physics/chemistry
9780582444980,physics/chemistry
9781584884729,physics/chemistry
